{"Epoch": 300, "Loss": 9.503863334655762, "_timestamp": 1698845133.0588915, "_runtime": 407.9383714199066, "_step": 1500, "gradients/encoder.act.weight": {"_type": "histogram", "values": [0.0, 0.0, 0.0, 0.0, 0.0, 0.0, 0.0, 0.0, 0.0, 0.0, 0.0, 0.0, 0.0, 0.0, 0.0, 0.0, 0.0, 0.0, 0.0, 0.0, 0.0, 0.0, 0.0, 0.0, 0.0, 0.0, 0.0, 0.0, 0.0, 0.0, 0.0, 0.0, 1.0, 0.0, 0.0, 0.0, 0.0, 0.0, 0.0, 0.0, 0.0, 0.0, 0.0, 0.0, 0.0, 0.0, 0.0, 0.0, 0.0, 0.0, 0.0, 0.0, 0.0, 0.0, 0.0, 0.0, 0.0, 0.0, 0.0, 0.0, 0.0, 0.0, 0.0, 0.0], "bins": [-0.2271532416343689, -0.2271532416343689, -0.2271532416343689, -0.2271532416343689, -0.2271532416343689, -0.2271532416343689, -0.2271532416343689, -0.2271532416343689, -0.2271532416343689, -0.2271532416343689, -0.2271532416343689, -0.2271532416343689, -0.2271532416343689, -0.2271532416343689, -0.2271532416343689, -0.2271532416343689, -0.2271532416343689, -0.2271532416343689, -0.2271532416343689, -0.2271532416343689, -0.2271532416343689, -0.2271532416343689, -0.2271532416343689, -0.2271532416343689, -0.2271532416343689, -0.2271532416343689, -0.2271532416343689, -0.2271532416343689, -0.2271532416343689, -0.2271532416343689, -0.2271532416343689, -0.2271532416343689, -0.2271532416343689, -0.2271532416343689, -0.2271532416343689, -0.2271532416343689, -0.2271532416343689, -0.2271532416343689, -0.2271532416343689, -0.2271532416343689, -0.2271532416343689, -0.2271532416343689, -0.2271532416343689, -0.2271532416343689, -0.2271532416343689, -0.2271532416343689, -0.2271532416343689, -0.2271532416343689, -0.2271532416343689, -0.2271532416343689, -0.2271532416343689, -0.2271532416343689, -0.2271532416343689, -0.2271532416343689, -0.2271532416343689, -0.2271532416343689, -0.2271532416343689, -0.2271532416343689, -0.2271532416343689, -0.2271532416343689, -0.2271532416343689, -0.2271532416343689, -0.2271532416343689, -0.2271532416343689, -0.2271532416343689]}, "gradients/graph_1encoder.act.weight": {"_type": "histogram", "values": [0.0, 0.0, 0.0, 0.0, 0.0, 0.0, 0.0, 0.0, 0.0, 0.0, 0.0, 0.0, 0.0, 0.0, 0.0, 0.0, 0.0, 0.0, 0.0, 0.0, 0.0, 0.0, 0.0, 0.0, 0.0, 0.0, 0.0, 0.0, 0.0, 0.0, 0.0, 0.0, 1.0, 0.0, 0.0, 0.0, 0.0, 0.0, 0.0, 0.0, 0.0, 0.0, 0.0, 0.0, 0.0, 0.0, 0.0, 0.0, 0.0, 0.0, 0.0, 0.0, 0.0, 0.0, 0.0, 0.0, 0.0, 0.0, 0.0, 0.0, 0.0, 0.0, 0.0, 0.0], "bins": [-0.16969357430934906, -0.16969357430934906, -0.16969357430934906, -0.16969357430934906, -0.16969357430934906, -0.16969357430934906, -0.16969357430934906, -0.16969357430934906, -0.16969357430934906, -0.16969357430934906, -0.16969357430934906, -0.16969357430934906, -0.16969357430934906, -0.16969357430934906, -0.16969357430934906, -0.16969357430934906, -0.16969357430934906, -0.16969357430934906, -0.16969357430934906, -0.16969357430934906, -0.16969357430934906, -0.16969357430934906, -0.16969357430934906, -0.16969357430934906, -0.16969357430934906, -0.16969357430934906, -0.16969357430934906, -0.16969357430934906, -0.16969357430934906, -0.16969357430934906, -0.16969357430934906, -0.16969357430934906, -0.16969357430934906, -0.16969357430934906, -0.16969357430934906, -0.16969357430934906, -0.16969357430934906, -0.16969357430934906, -0.16969357430934906, -0.16969357430934906, -0.16969357430934906, -0.16969357430934906, -0.16969357430934906, -0.16969357430934906, -0.16969357430934906, -0.16969357430934906, -0.16969357430934906, -0.16969357430934906, -0.16969357430934906, -0.16969357430934906, -0.16969357430934906, -0.16969357430934906, -0.16969357430934906, -0.16969357430934906, -0.16969357430934906, -0.16969357430934906, -0.16969357430934906, -0.16969357430934906, -0.16969357430934906, -0.16969357430934906, -0.16969357430934906, -0.16969357430934906, -0.16969357430934906, -0.16969357430934906, -0.16969357430934906]}, "Train_Acc_Mean": 94.07563507080079, "Train_Acc_Std": 1.4955866033451024, "Valid_Acc_Mean": 81.05882911682129, "Valid_Acc_Std": 2.6445111668970327, "Test_Acc_Mean": 81.269349899292, "Test_Acc_Std": 1.0106374773240094, "_wandb": {"runtime": 407}}