{"Epoch": 2, "Loss": 10.658143043518066, "_timestamp": 1698852171.0899808, "_runtime": 4.794261932373047, "_step": 1, "_wandb": {"runtime": 4}}