{"Epoch": 7, "Loss": 33.341697692871094, "_timestamp": 1698844338.815836, "_runtime": 5.667141914367676, "_step": 6, "_wandb": {"runtime": 4}}