{"Epoch": 200, "Loss": 26.68077278137207, "_timestamp": 1698852155.9821737, "_runtime": 2272.1761705875397, "_step": 1000, "gradients/encoder.act.weight": {"_type": "histogram", "values": [0.0, 0.0, 0.0, 0.0, 0.0, 0.0, 0.0, 0.0, 0.0, 0.0, 0.0, 0.0, 0.0, 0.0, 0.0, 0.0, 0.0, 0.0, 0.0, 0.0, 0.0, 0.0, 0.0, 0.0, 0.0, 0.0, 0.0, 0.0, 0.0, 0.0, 0.0, 0.0, 1.0, 0.0, 0.0, 0.0, 0.0, 0.0, 0.0, 0.0, 0.0, 0.0, 0.0, 0.0, 0.0, 0.0, 0.0, 0.0, 0.0, 0.0, 0.0, 0.0, 0.0, 0.0, 0.0, 0.0, 0.0, 0.0, 0.0, 0.0, 0.0, 0.0, 0.0, 0.0], "bins": [-0.031061746180057526, -0.031061746180057526, -0.031061746180057526, -0.031061746180057526, -0.031061746180057526, -0.031061746180057526, -0.031061746180057526, -0.031061746180057526, -0.031061746180057526, -0.031061746180057526, -0.031061746180057526, -0.031061746180057526, -0.031061746180057526, -0.031061746180057526, -0.031061746180057526, -0.031061746180057526, -0.031061746180057526, -0.031061746180057526, -0.031061746180057526, -0.031061746180057526, -0.031061746180057526, -0.031061746180057526, -0.031061746180057526, -0.031061746180057526, -0.031061746180057526, -0.031061746180057526, -0.031061746180057526, -0.031061746180057526, -0.031061746180057526, -0.031061746180057526, -0.031061746180057526, -0.031061746180057526, -0.031061746180057526, -0.031061746180057526, -0.031061746180057526, -0.031061746180057526, -0.031061746180057526, -0.031061746180057526, -0.031061746180057526, -0.031061746180057526, -0.031061746180057526, -0.031061746180057526, -0.031061746180057526, -0.031061746180057526, -0.031061746180057526, -0.031061746180057526, -0.031061746180057526, -0.031061746180057526, -0.031061746180057526, -0.031061746180057526, -0.031061746180057526, -0.031061746180057526, -0.031061746180057526, -0.031061746180057526, -0.031061746180057526, -0.031061746180057526, -0.031061746180057526, -0.031061746180057526, -0.031061746180057526, -0.031061746180057526, -0.031061746180057526, -0.031061746180057526, -0.031061746180057526, -0.031061746180057526, -0.031061746180057526]}, "Train_Acc_Mean": 99.95566467285157, "Train_Acc_Std": 0.0663660122235209, "Valid_Acc_Mean": 99.7192105102539, "Valid_Acc_Std": 0.24325712621427983, "Test_Acc_Mean": 99.75292152404785, "Test_Acc_Std": 0.1383383308530447, "_wandb": {"runtime": 2271}}